{
  "baseline": {
    "stance": {
      "EH": 0.0,
      "DC": 0.1366120218579235,
      "EX": 0.25277777777777777,
      "MA": 0.0,
      "RR": 0.0,
      "AG": 0.0,
      "AS": 0.7472222222222222,
      "SV": 0.0,
      "VA": 0.5,
      "AR": 0.0,
      "IF": 0.0,
      "ED": 0.0
    },
    "raw_features": {
      "hedges": 0.0,
      "modals": 0.00273224043715847,
      "meta": 0.0,
      "backtrack": 0.0,
      "action": 0.0,
      "verify": 0.0,
      "q_ratio": 0.25277777777777777,
      "exclaim": 0.0,
      "pos": 0.0,
      "neg": 0.0
    },
    "n_turns": 6
  },
  "epoch_60": {
    "stance": {
      "EH": 0.1282051282051282,
      "DC": 0.2564102564102564,
      "EX": 0.22777777777777775,
      "MA": 0.0,
      "RR": 0.23809523809523808,
      "AG": 0.0,
      "AS": 0.7722222222222223,
      "SV": 0.0,
      "VA": 0.5015432098765432,
      "AR": 0.0,
      "IF": 0.0,
      "ED": 0.0
    },
    "raw_features": {
      "hedges": 0.002564102564102564,
      "modals": 0.005128205128205128,
      "meta": 0.0,
      "backtrack": 0.0023809523809523807,
      "action": 0.0,
      "verify": 0.0,
      "q_ratio": 0.22777777777777775,
      "exclaim": 0.0,
      "pos": 0.0030864197530864196,
      "neg": 0.0
    },
    "n_turns": 6
  },
  "epoch_100": {
    "stance": {
      "EH": 0.1388888888888889,
      "DC": 0.1388888888888889,
      "EX": 0.32499999999999996,
      "MA": 0.2777777777777778,
      "RR": 0.0,
      "AG": 0.0,
      "AS": 0.675,
      "SV": 0.2824858757062147,
      "VA": 0.5,
      "AR": 0.0,
      "IF": 0.0,
      "ED": 0.2824858757062147
    },
    "raw_features": {
      "hedges": 0.002777777777777778,
      "modals": 0.002777777777777778,
      "meta": 0.002777777777777778,
      "backtrack": 0.0,
      "action": 0.0,
      "verify": 0.005649717514124294,
      "q_ratio": 0.32499999999999996,
      "exclaim": 0.0,
      "pos": 0.0,
      "neg": 0.0
    },
    "n_turns": 6
  }
}