{
  "pixel_accuracy": 94.4547803617571,
  "grid_accuracy": 0.0,
  "perfect_grids": 0,
  "total_grids": 172,
  "color_stats": {
    "color_0": {
      "accuracy": 99.94463014990875,
      "count": 146289
    },
    "color_1": {
      "accuracy": 0.14265335235378032,
      "count": 1402
    },
    "color_2": {
      "accuracy": 0.0,
      "count": 1238
    },
    "color_3": {
      "accuracy": 0.1,
      "count": 2000
    },
    "color_4": {
      "accuracy": 0.0,
      "count": 776
    },
    "color_5": {
      "accuracy": 0.0,
      "count": 1007
    },
    "color_6": {
      "accuracy": 0.15673981191222572,
      "count": 638
    },
    "color_7": {
      "accuracy": 0.0,
      "count": 308
    },
    "color_8": {
      "accuracy": 0.30927835051546393,
      "count": 970
    },
    "color_9": {
      "accuracy": 0.0,
      "count": 172
    }
  }
}