{
  "epoch": 120,
  "loss": 0.051507455781102184,
  "timestamp": "2025-10-26T21:54:19.497706"
}