{
  "epoch": 200,
  "loss": 0.048724256604909894,
  "timestamp": "2025-10-26T22:41:19.393876"
}