{
  "early": {
    "iterations": 2,
    "final_energy": -0.08694777637720108,
    "energy_delta": -0.018219903111457825,
    "trust": 0.3220755517482758,
    "early_stopped": true,
    "compute_saved": 0.96
  },
  "full": {
    "iterations": 50,
    "final_energy": -0.30412161350250244,
    "energy_delta": -0.23590049147605896,
    "trust": 0.2941286861896515,
    "early_stopped": false,
    "compute_saved": 0.0
  },
  "speedup": 25.0,
  "time_speedup": 1.36597577808304,
  "quality_preserved": 0.9992465297691524,
  "early_time_ms": 361.18245124816895,
  "full_time_ms": 493.3664798736572,
  "batch_size": 4,
  "device": "cuda"
}