{
  "epoch": 170,
  "loss": 0.049769291430711744,
  "timestamp": "2025-10-26T22:16:09.771008"
}