{
  "epoch": 140,
  "loss": 0.05070619948208332,
  "timestamp": "2025-10-26T22:02:30.055375"
}