{
  "epoch": 90,
  "loss": 0.05220379464328289,
  "timestamp": "2025-10-26T21:45:01.856416"
}