{
  "sleep_cycle": 1,
  "num_experiences": 6,
  "epochs": 3,
  "final_loss": 4.026783545811971,
  "avg_salience": 0.7318518518518519,
  "epoch_losses": [
    4.0608813762664795,
    4.04373824596405,
    4.026783545811971
  ],
  "learning_rate": 1e-05,
  "timestamp": "2026-01-18T17:38:31.944333"
}