{
  "epoch": 190,
  "loss": 0.04915075719356537,
  "timestamp": "2025-10-26T22:31:43.562800"
}