{
  "epoch": 20,
  "loss": 0.06033029720187187,
  "timestamp": "2025-10-26T21:17:44.705896"
}