{
  "epoch": 60,
  "loss": 0.054618601724505424,
  "timestamp": "2025-10-26T21:36:18.676777"
}