{
  "epoch": 70,
  "loss": 0.053934588730335235,
  "timestamp": "2025-10-26T21:38:41.496829"
}