{
  "session_id": "session_1761847696",
  "start_time": 1761847696.0492547,
  "end_time": 1761847702.5317905,
  "model_path": "conversation_sessions/session_1761847435/trained_model/final_model",
  "total_exchanges": 1,
  "salient_exchanges": 1,
  "avg_salience": 0.15735000000000002
}