{
  "epoch": 110,
  "loss": 0.05231265589594841,
  "timestamp": "2025-10-26T21:52:50.664156"
}