{
  "session_id": "session_1761849123",
  "start_time": 1761849123.1517112,
  "end_time": 1761849135.8875337,
  "model_path": "Qwen/Qwen2.5-1.5B",
  "total_exchanges": 1,
  "salient_exchanges": 1,
  "avg_salience": 0.19580000000000003
}