{
  "session_id": "session_1761846416",
  "start_time": 1761846416.024568,
  "end_time": 1761846435.0928998,
  "model_path": "conversation_sessions/session_1761844739/trained_model/final_model",
  "total_exchanges": 3,
  "salient_exchanges": 2,
  "avg_salience": 0.156275
}