{
  "epoch": 150,
  "loss": 0.05056781321763992,
  "timestamp": "2025-10-26T22:07:52.277302"
}