{
  "enc.weight": [
    [
      -0.48910215497016907,
      -0.37712711095809937
    ],
    [
      -0.019324354827404022,
      0.11685758084058762
    ],
    [
      -0.1624954342842102,
      0.14813721179962158
    ],
    [
      -0.3301701247692108,
      0.03063872829079628
    ]
  ],
  "enc.bias": [
    0.1275090128183365,
    0.25308868288993835,
    0.9606102705001831,
    -0.15467862784862518
  ],
  "mu.weight": [
    [
      -0.7191467881202698,
      0.030602315440773964,
      -0.3213042914867401,
      -0.5062218308448792
    ]
  ],
  "mu.bias": [
    0.19617842137813568
  ],
  "logvar.weight": [
    [
      -0.1998172253370285,
      -0.08560671657323837,
      -0.5303231477737427,
      0.48115792870521545
    ]
  ],
  "logvar.bias": [
    -0.8302465677261353
  ],
  "dec_h.weight": [
    [
      2.1685383319854736
    ],
    [
      1.8832502365112305
    ],
    [
      0.99075847864151
    ],
    [
      1.2048615217208862
    ]
  ],
  "dec_h.bias": [
    -0.016935687512159348,
    -0.0733642503619194,
    0.12199967354536057,
    -0.04874543473124504
  ],
  "dec_out.weight": [
    [
      0.9825858473777771,
      0.7826919555664062,
      0.18092080950737,
      0.009529669769108295
    ],
    [
      0.29695191979408264,
      0.6698595881462097,
      -0.22254052758216858,
      -0.11627435684204102
    ]
  ],
  "dec_out.bias": [
    0.2875562608242035,
    -0.12575361132621765
  ]
}