{
  "total_cycles": 156,
  "states": {
    "wake": 88,
    "rest": 45,
    "dream": 23
  },
  "attended": 17,
  "ignored": 139,
  "attention_rate": 0.10897435897435898,
  "avg_atp": 0.9586538461538462,
  "avg_threshold": 0.4855769230769231,
  "avg_salience": 0.5414754774024815,
  "transitions": 8,
  "final_atp": 0.8000000000000002
}