{
  "session": 94,
  "timestamp": "2025-12-23 00:01:05",
  "hardware": "Jetson AGX Thor",
  "model": "Qwen3-Omni-30B-A3B (theoretical)",
  "architecture": {
    "num_experts": 128,
    "num_active": 8,
    "num_layers": 48,
    "num_families": 16
  },
  "statistics": {
    "total_selections": 100,
    "regret_instances": 0,
    "memory_constraints": 0,
    "thermal_constraints": 0,
    "swap_constraints": 0,
    "cache_misses": 0,
    "memory_satisfied_pct": 1.0,
    "thermal_satisfied_pct": 1.0,
    "swap_satisfied_pct": 1.0,
    "families_per_layer": {
      "0": 9,
      "12": 9,
      "24": 9,
      "36": 9
    }
  },
  "regret_records": [],
  "constraint_history": {
    "memory": [
      [
        1766476863.6009903,
        true
      ],
      [
        1766476863.6009948,
        true
      ],
      [
        1766476863.600999,
        true
      ],
      [
        1766476863.601004,
        true
      ],
      [
        1766476863.601037,
        true
      ],
      [
        1766476863.6010423,
        true
      ],
      [
        1766476863.6010504,
        true
      ],
      [
        1766476863.601055,
        true
      ],
      [
        1766476863.6010594,
        true
      ],
      [
        1766476863.6010642,
        true
      ],
      [
        1766476863.6010685,
        true
      ],
      [
        1766476863.6010737,
        true
      ],
      [
        1766476863.6011143,
        true
      ],
      [
        1766476863.6011198,
        true
      ],
      [
        1766476863.6011245,
        true
      ],
      [
        1766476863.6011293,
        true
      ],
      [
        1766476863.6011338,
        true
      ],
      [
        1766476863.601138,
        true
      ],
      [
        1766476863.601143,
        true
      ],
      [
        1766476863.6011512,
        true
      ],
      [
        1766476863.6011937,
        true
      ],
      [
        1766476863.6011987,
        true
      ],
      [
        1766476863.6012068,
        true
      ],
      [
        1766476863.601216,
        true
      ],
      [
        1766476863.6012206,
        true
      ],
      [
        1766476863.601225,
        true
      ],
      [
        1766476863.6012318,
        true
      ],
      [
        1766476863.6012368,
        true
      ],
      [
        1766476863.6012714,
        true
      ],
      [
        1766476863.6012766,
        true
      ],
      [
        1766476863.6012812,
        true
      ],
      [
        1766476863.6012897,
        true
      ],
      [
        1766476863.6012945,
        true
      ],
      [
        1766476863.6012993,
        true
      ],
      [
        1766476863.6013038,
        true
      ],
      [
        1766476863.6013083,
        true
      ],
      [
        1766476863.6013505,
        true
      ],
      [
        1766476863.601356,
        true
      ],
      [
        1766476863.601361,
        true
      ],
      [
        1766476863.6013663,
        true
      ],
      [
        1766476863.6013706,
        true
      ],
      [
        1766476863.6013753,
        true
      ],
      [
        1766476863.6013799,
        true
      ],
      [
        1766476863.6013842,
        true
      ],
      [
        1766476863.6014268,
        true
      ],
      [
        1766476863.601432,
        true
      ],
      [
        1766476863.6014364,
        true
      ],
      [
        1766476863.601441,
        true
      ],
      [
        1766476863.6014457,
        true
      ],
      [
        1766476863.6014502,
        true
      ],
      [
        1766476863.6014552,
        true
      ],
      [
        1766476863.6014605,
        true
      ],
      [
        1766476863.6015024,
        true
      ],
      [
        1766476863.6015077,
        true
      ],
      [
        1766476863.6015124,
        true
      ],
      [
        1766476863.601517,
        true
      ],
      [
        1766476863.6015217,
        true
      ],
      [
        1766476863.6015306,
        true
      ],
      [
        1766476863.6015356,
        true
      ],
      [
        1766476863.60154,
        true
      ],
      [
        1766476863.6015797,
        true
      ],
      [
        1766476863.6016061,
        true
      ],
      [
        1766476863.6016114,
        true
      ],
      [
        1766476863.6016157,
        true
      ],
      [
        1766476863.6016202,
        true
      ],
      [
        1766476863.6016247,
        true
      ],
      [
        1766476863.6016295,
        true
      ],
      [
        1766476863.601634,
        true
      ],
      [
        1766476863.601674,
        true
      ],
      [
        1766476863.6016827,
        true
      ],
      [
        1766476863.6016877,
        true
      ],
      [
        1766476863.6016922,
        true
      ],
      [
        1766476863.6016965,
        true
      ],
      [
        1766476863.601701,
        true
      ],
      [
        1766476863.6017058,
        true
      ],
      [
        1766476863.6017103,
        true
      ],
      [
        1766476863.6017516,
        true
      ],
      [
        1766476863.6017566,
        true
      ],
      [
        1766476863.6017613,
        true
      ],
      [
        1766476863.6017659,
        true
      ],
      [
        1766476863.6017704,
        true
      ],
      [
        1766476863.6017752,
        true
      ],
      [
        1766476863.6017797,
        true
      ],
      [
        1766476863.6017873,
        true
      ],
      [
        1766476863.601822,
        true
      ],
      [
        1766476863.6018271,
        true
      ],
      [
        1766476863.6018317,
        true
      ],
      [
        1766476863.6018362,
        true
      ],
      [
        1766476863.6018407,
        true
      ],
      [
        1766476863.601845,
        true
      ],
      [
        1766476863.6018498,
        true
      ],
      [
        1766476863.6018548,
        true
      ],
      [
        1766476863.6019242,
        true
      ],
      [
        1766476863.6019297,
        true
      ],
      [
        1766476863.6019347,
        true
      ],
      [
        1766476863.601944,
        true
      ],
      [
        1766476863.6019487,
        true
      ],
      [
        1766476863.6019533,
        true
      ],
      [
        1766476863.6019604,
        true
      ],
      [
        1766476863.6019654,
        true
      ]
    ],