{
  "qualities": [
    5598.121620948673,
    13543.499602117947,
    2890.5304457168754,
    1286.1881720396298,
    51087.44279789964,
    8657.439992292675,
    14186.987967329631,
    25129.53207869623,
    3866.7646502907796,
    3609.480379419219,
    43939.366162646984,
    46484.738007641216,
    6005.7503884393045,
    13935.434664140836,
    1312.7999291592753,
    4723.8827750053015,
    175562.9855337433,
    21662.123870293522,
    10816.121637828224,
    3839.8626270194504,
    569.3678845972332,
    1328.3355872315185,
    1169.1503555094132,
    7832.03515929107,
    2236.0521033000364,
    1129.3092570133817,
    28515.442472310635,
    13461.51121191721,
    28553.686326822375,
    20650.745103212088,
    32381.71494922488,
    15714.318359371618,
    9507.522208234563,
    511.9386287250285,
    25602.69005090872,
    14200.602334307821,
    11078.220277938011,
    11198.203351976163,
    4220.030441973432,
    1256.357646745483,
    4861.14582945985,
    80687.8412231048,
    5262.292392523857,
    1934.8941584681631,
    7521.2189584641055,
    3437.0299126128407,
    43522.26826077063,
    99941.83452468837,
    75340.10346659481,
    11554.833545122874,
    1341.822373428137,
    1020.691710954541,
    20380.872022770607,
    33679.830642266184,
    10564.8131408904,
    10563.59572576564,
    542.8067016390852,
    2345.3703849197786,
    233565.42809856427,
    112348.25490981499
  ],
  "average_quality": 24161.22058326839,
  "expert_trust_evolution": {
    "94": [
      0.5248790925533316,
      0.5384962410957368
    ],
    "14": [
      0.5248790925533316,
      0.5113477508025688
    ],
    "50": [
      0.5248790925533316,
      0.5379713349759417,
      0.5195825707529383,
      0.5136818337773241
    ],
    "4": [
      0.5248790925533316
    ],
    "72": [
      0.5160443367392076,
      0.5477356887988764,
      0.5547880096263897,
      0.5475067334080704
    ],
    "109": [
      0.5160443367392076,
      0.5405406307884386,
      0.5085989459031077
    ],
    "53": [
      0.5160443367392076
    ],
    "85": [
      0.5160443367392076
    ],
    "105": [
      0.5314890034146346,
      0.5488593161332028,
      0.5286490378023014,
      0.5612870114766365
    ],
    "32": [
      0.5314890034146346,
      0.5395865743335051,
      0.5648956823922615,
      0.5479226738261095,
      0.5572893921168793
    ],
    "96": [
      0.5314890034146346,
      0.5262906619447397
    ],
    "15": [
      0.5314890034146346,
      0.529267765492107,
      0.5479226738261095
    ],
    "29": [
      0.5395865743335051,
      0.5408873420313719,
      0.5429553815191968,
      0.4960575200996796
    ],
    "24": [
      0.5395865743335051,
      0.5355028774545652,
      0.5069344121105098
    ],
    "2": [
      0.5395865743335051,
      0.5098629664062204,
      0.5611256531411309
    ],
    "73": [
      0.5027680164277519,
      0.5287818767297164,
      0.4981975247443196
    ],
    "64": [
      0.5027680164277519,
      0.5512901237737239,
      0.5759184381066459,
      0.5726972708042226,
      0.5643108216876443,
      0.5997783377841179,
      0.6017579395750418,
      0.6101102596943543,
      0.632678204083812,
      0.6069791649567111,
      0.494887369060884
    ],
    "91": [
      0.5027680164277519,
      0.528579222222606,
      0.5734569887992218,
      0.5423124507236807,
      0.563578941892289,
      0.5991196459682981,
      0.601165116940804,
      0.6095767193235403,
      0.6321980177500794,
      0.6065469972563517,
      0.5609986589801836
    ],
    "17": [
      0.5027680164277519,
      0.518596272582715,
      0.5355028774545652
    ],
    "87": [
      0.5205192130600318
    ],
    "83": [
      0.5205192130600318,
      0.5176323653379515
    ],
    "31": [
      0.5205192130600318,
      0.5241762296364512,
      0.5578490734054685,
      0.599799854863798,
      0.6016457590848192
    ],
    "62": [
      0.5155801516779432
    ],
    "42": [
      0.5155801516779432,
      0.5213496011291912,
      0.5391631170177855
    ],
    "33": [
      0.5155801516779432,
      0.528579222222606
    ],
    "9": [
      0.5098629664062204,
      0.5375257075678999,
      0.5392641365161697,
      0.54392326612387,
      0.5219261215161006,
      0.5523024032843363
    ],
    "57": [
      0.5098629664062204
    ],
    "6": [
      0.5098629664062204,
      0.5073274646190422
    ],
    "107": [
      0.528579222222606,
      0.5042752973018869,
      0.5294334632818114,
      0.5656532339714158
    ],
    "76": [
      0.528579222222606,
      0.515759055192689
    ],
    "43": [
      0.529267765492107,
      0.5113477508025688,
      0.5603972740923191
    ],
    "23": [
      0.529267765492107,
      0.5145576807782668,
      0.5155705599035958
    ],
    "58": [
      0.5042752973018869,
      0.5113477508025688,
      0.5220388654297128
    ],
    "71": [
      0.5042752973018869
    ],
    "108": [
      0.5042752973018869
    ],
    "5": [
      0.5037121632814661,
      0.5185292664732265,
      0.5515543707198152
    ],
    "80": [
      0.5037121632814661,
      0.49042342501526404,
      0.5094346757966718,
      0.5347818701617444
    ],
    "93": [
      0.5037121632814661
    ],
    "60": [
      0.5241762296364512
    ],
    "1": [
      0.5241762296364512
    ],
    "20": [
      0.5241762296364512
    ],
    "102": [
      0.515759055192689,
      0.5085855432593172
    ],
    "124": [
      0.515759055192689,
      0.5265770928872345
    ],
    "3": [
      0.515759055192689,
      0.5113477508025688,
      0.5405406307884386
    ],
    "10": [
      0.5393817816514399,
      0.5355028774545652
    ],
    "22": [
      0.5393817816514399,
      0.5405406307884386,
      0.5705428528590175,
      0.5678592440813571,
      0.5599565976370654
    ],
    "49": [
      0.5393817816514399,
      0.5405406307884386
    ],
    "84": [
      0.5265770928872345,
      0.5176323653379515
    ],
    "97": [
      0.5265770928872345,
      0.521521179775738
    ],
    "61": [
      0.5265770928872345,
      0.5176323653379515
    ],
    "34": [
      0.49042342501526404,
      0.5306452190299074,
      0.5155705599035958,
      0.553078433367893
    ],
    "13": [
      0.49042342501526404
    ],
    "117": [
      0.49042342501526404,
      0.509674108580116,
      0.5145576807782668
    ],
    "82": [
      0.5182930260663783
    ],
    "70": [
      0.5182930260663783,
      0.5652626324484876,
      0.5631070457118802,
      0.5986949394059302,
      0.6007828810346728,
      0.6092327070080222,
      0.5482134237664957,
      0.6318884066661132,
      0.6062683472807822
    ],
    "8": [
      0.5182930260663783,
      0.5179458702154512
    ],
    "25": [
      0.5286490378023014,
      0.511825889707401,
      0.5088408254809805
    ],
    "63": [
      0.5286490378023014,
      0.4960575200996796
    ],
    "74": [
      0.5477356887988764,
      0.5408873420313719
    ],
    "36": [
      0.5392641365161697,
      0.5533913161474869,
      0.5179458702154512,
      0.5778095112430327,
      0.5743992366269708,
      0.5658425909281177,
      0.601156930100544,
      0.6029986726598253,
      0.5069344121105098,
      0.6112269194706595,
      0.6336831978824867,
      0.6078836593755184
    ],
    "67": [
      0.5392641365161697,
      0.5219261215161006
    ],
    "121": [
      0.521521179775738
    ],
    "78": [
      0.521521179775738
    ],
    "114": [
      0.521521179775738
    ],
    "69": [
      0.5340562851494228
    ],
    "52": [
      0.5340562851494228,
      0.5403270860934563,
      0.5155705599035958,
      0.5089008729741201
    ],
    "30": [
      0.5408873420313719,
      0.5277049803021651
    ],
    "92": [
      0.5408873420313719,
      0.5085855432593172
    ],
    "122": [
      0.5085989459031077
    ],
    "126": [
      0.5085989459031077
    ],
    "38": [
      0.5085989459031077
    ],
    "12": [
      0.5161050577977383
    ],