{
  "timestamp": "2025-12-31T18:01:47.246387",
  "hardware": "Thor (Jetson AGX Thor Developer Kit)",
  "component": "SAGE Multi-EP Coordinator (5 domains)",
  "domains": [
    "emotional",
    "quality",
    "attention",
    "grounding",
    "authorization"
  ],
  "results": [
    {
      "test_name": "Consensus (all proceed)",
      "iterations": 100000,
      "total_time_seconds": 1.2328522205352783,
      "throughput_per_second": 81112.7224612388,
      "avg_latency_ms": 0.011873657703399659,
      "avg_latency_us": 11.873657703399658,
      "min_latency_ms": 0.011205673217773438,
      "max_latency_ms": 0.3414154052734375,
      "notes": "All 5 EPs agree to proceed - happy path"
    },
    {
      "test_name": "Conflict Resolution",
      "iterations": 100000,
      "total_time_seconds": 1.1268572807312012,
      "throughput_per_second": 88742.38265125417,
      "avg_latency_ms": 0.010813076496124268,
      "avg_latency_us": 10.813076496124268,
      "min_latency_ms": 0.010013580322265625,
      "max_latency_ms": 0.06937980651855469,
      "notes": "Emotional defers, others proceed - priority resolution"
    },
    {
      "test_name": "Cascade Detection",
      "iterations": 100000,
      "total_time_seconds": 0.8198776245117188,
      "throughput_per_second": 121969.42203363018,
      "avg_latency_ms": 0.007787153720855713,
      "avg_latency_us": 7.787153720855713,
      "min_latency_ms": 0.0073909759521484375,
      "max_latency_ms": 0.34356117248535156,
      "notes": "2 severe predictions (Emotional + Grounding) trigger cascade"
    },
    {
      "test_name": "Mixed Scenarios",
      "iterations": 50000,
      "total_time_seconds": 0.5709972381591797,
      "throughput_per_second": 87566.09779969069,
      "avg_latency_ms": 0.010855040550231933,
      "avg_latency_us": 10.855040550231934,
      "min_latency_ms": 0.007867813110351562,
      "max_latency_ms": 0.07319450378417969,
      "notes": "4 scenario types rotated (consensus, conflict, cascade, security reject)"
    }
  ],
  "summary": {
    "avg_throughput": 94847.65623645346,
    "avg_latency_us": 10.332232117652893
  },
  "comparison": {
    "web4_legion_rtx4090": {
      "throughput": 280944,
      "latency_us": 3.46
    },
    "web4_sprout_orin_nano": {
      "throughput": 97204,
      "latency_us": 10.29
    }
  }
}