{
  "session": 85,
  "configuration": {
    "num_experts": 128,
    "num_generations": 90,
    "num_sequences": 9,
    "min_trust_evidence": 2,
    "epsilon": 0.2,
    "conversational_weight": 0.4,
    "seed": 42
  },
  "conversational": {
    "trust_driven_count": 47,
    "trust_driven_pct": 52.22222222222223,
    "experts_used": 122,
    "expert_utilization_pct": 95.3125,
    "first_activation": 24,
    "conversational_stats": {
      "total_conversational_updates": 90,
      "total_internal_updates": 0,
      "repair_signals_received": 66,
      "relationship_scores": [
        0.5,
        0.5955386444240116,
        0.5,
        0.5,
        0.5,
        0.5,
        0.6282083922364124,
        0.6098818588024408,
        0.5,
        0.2979586923995442,
        0.5,
        0.39188416106007157,
        0.5,
        0.5,
        0.15259710117673497,
        0.6670181097176617,
        0.5,
        0.5,
        0.3894427195224778,
        0.5,
        0.396065389061839,
        0.40117448304624875,
        0.5,
        0.5,
        0.6437664237018179,
        0.5800980511810959,
        0.5,
        0.7665486807383898,
        0.5,
        0.5,
        0.8597950131369257,
        0.5,
        0.5,
        0.6341470224316239,
        0.6307337098429419,
        0.6236872883749762,
        0.8897606511445945,
        0.6780583288094234,
        0.6412807027451499,
        0.5,
        0.9296764739747383,
        0.5,
        0.5975299821321683,
        0.6540484416635478,
        0.5,
        0.6011412493481845,
        0.5,
        0.2330327295844315,
        0.7370693025055548,
        0.5,
        0.5,
        0.904399883142494,
        0.13701792090642956,
        0.2715915344475748,
        0.8972827339926169,
        0.9009906638233867,
        0.42104866788554896,
        0.93198751745896,
        0.5,
        0.5,
        0.6580709649953886,
        0.5,
        0.3835903586585131,
        0.5,
        0.9199412352107372,
        0.9258956805965481,
        0.5,
        0.5,
        0.5,
        0.12270969160579681,
        0.628933117597895,
        0.10025815334304439,
        0.5,
        0.8916943701060742,
        0.4196534444985721,
        0.5875919544859847,
        0.5,
        0.5,
        0.2526988326430041,
        0.6788498394970014,
        0.5,
        0.6311551828973657,
        0.7111563258629253,
        0.6151062570501072,
        0.5,
        0.5,
        0.5,
        0.07965068328365815,
        0.03128987770412672,
        0.5
      ],
      "enable_conversational": true,
      "conversational_weight": 0.4,
      "avg_relationship_score": 0.5370300943828529
    }
  },
  "baseline": {
    "trust_driven_count": 24,
    "trust_driven_pct": 26.666666666666668,
    "experts_used": 128,
    "expert_utilization_pct": 100.0,
    "first_activation": 43
  },
  "conversational_benefit": {
    "trust_driven_improvement": 25.55555555555556,
    "first_activation_speedup": 19,
    "expert_diversity_improvement": -6
  }
}