{
  "session": 80,
  "min_trust_evidence": 2,
  "epsilon": 0.2,
  "architecture": "trust-first + epsilon-greedy + unweighted quality fix (Session 80)",
  "model": "Q3-Omni 30B",
  "epochs": 10,
  "sequences": 9,
  "generations": 90,
  "unique_experts": 62,
  "utilization": 0.484375,
  "qualities": [
    0.8039320546085524,
    0.780993589932408,
    0.6745500675032424,
    0.9118172819086033,
    0.6190488478848297,
    0.6266116271144627,
    0.7447505891489239,
    0.6978661249662119,
    0.7194330858554833,
    0.5844968867208951,
    0.7026853253069395,
    0.6736672297955293,
    0.685964609629015,
    0.704890441827567,
    0.8655487427914111,
    0.8028059921166681,
    0.5449976382490545,
    0.7018425318423133,
    0.8504501770743307,
    0.8773834514286953,
    0.7685086435046298,
    0.6015540077040901,
    0.5574271691282853,
    0.7420504592247537,
    0.6943089462041109,
    0.7206226978459116,
    0.8895854725593347,
    0.8334898226422947,
    0.9362476542195173,
    0.845420231676712,
    0.8355093342478256,
    0.8858044485085167,
    0.826444680268678,
    0.7013285025747602,
    0.7635026332598479,
    0.7668409330653304,
    0.565101166442462,
    0.8471311973740635,
    0.6122060756091126,
    0.4920995609567672,
    0.727930153578521,
    0.8393835122169304,
    0.5761282841873198,
    0.8667278909901037,
    0.687748950961623,
    0.773129456867939,
    0.7140888396512491,
    0.9752368763522259,
    0.8606235885106501,
    0.7639757143322979,
    0.5343257682453435,
    0.7513891879939578,
    0.6902322654960578,
    0.791265673404026,
    0.803653659232669,
    0.883650586803179,
    0.8269821207190592,
    0.7826253810845286,
    0.6523956469466317,
    0.7816673053013204,
    0.7200143900359547,
    0.8178907066204755,
    0.9101946601937079,
    0.7207983062711032,
    0.6382017091865596,
    0.8093997690273139,
    0.7237202832711893,
    0.7310532870600047,
    0.9190840933744052,
    0.8860747163555233,
    0.8208341834244322,
    0.6697471652035164,
    0.858228651785087,
    0.8005069998517415,
    0.7957755997982595,
    0.6201058616287828,
    0.7395971471181481,
    0.8825063036258954,
    0.6366084401773937,
    0.6318130339060176,
    0.685586671903025,
    0.901670114481915,
    0.9485232002865325,
    0.7104784526467179,
    0.7330277116886502,
    0.6021602844423731,
    0.7186135922089445,
    0.7791328848891454,
    0.6175692754935386,
    0.7955078124537059
  ],
  "expert_usage": {
    "106": 53,
    "110": 52,
    "48": 52,
    "5": 52,
    "41": 2,
    "37": 10,
    "76": 9,
    "7": 10,
    "19": 2,
    "108": 2,
    "117": 4,
    "120": 3,
    "81": 6,
    "77": 1,
    "112": 1,
    "105": 1,
    "95": 1,
    "93": 3,
    "88": 1,
    "44": 13,
    "4": 5,
    "74": 7,
    "39": 1,
    "58": 1,
    "3": 1,
    "50": 1,
    "1": 4,
    "126": 2,
    "29": 3,
    "17": 1,
    "42": 1,
    "12": 1,
    "85": 6,
    "67": 2,
    "101": 2,
    "109": 2,
    "53": 2,
    "100": 2,
    "99": 1,
    "72": 1,
    "47": 1,
    "20": 2,
    "86": 2,
    "80": 2,
    "26": 1,
    "94": 1,
    "103": 1,
    "59": 1,
    "63": 1,
    "121": 2,
    "96": 1,
    "9": 1,
    "55": 2,
    "73": 1,
    "122": 1,
    "34": 4,
    "36": 3,
    "56": 3,
    "118": 3,
    "35": 1,
    "49": 1,
    "23": 1
  },
  "context_map": {
    "106": {
      "context_1": 22,
      "context_2": 22,
      "context_0": 9
    },
    "110": {
      "context_1": 22,
      "context_2": 22,
      "context_0": 8
    },
    "48": {
      "context_1": 22,
      "context_2": 22,
      "context_0": 8
    },
    "5": {
      "context_1": 22,
      "context_2": 22,
      "context_0": 8
    },
    "41": {
      "context_0": 2
    },
    "37": {
      "context_0": 10
    },
    "76": {
      "context_0": 9
    },
    "7": {
      "context_0": 10
    },
    "19": {
      "context_1": 2
    },
    "108": {
      "context_1": 2
    },
    "117": {
      "context_1": 2,
      "context_0": 2
    },
    "120": {
      "context_1": 3
    },
    "81": {
      "context_0": 6
    },
    "77": {
      "context_0": 1
    },
    "112": {
      "context_0": 1
    },
    "105": {
      "context_1": 1
    },
    "95": {
      "context_1": 1
    },
    "93": {
      "context_1": 1,
      "context_2": 2
    },
    "88": {
      "context_1": 1
    },
    "44": {
      "context_0": 13
    },
    "4": {
      "context_0": 5
    },
    "74": {
      "context_0": 5,
      "context_2": 1,
      "context_1": 1
    },
    "39": {
      "context_2": 1
    },
    "58": {
      "context_2": 1
    },
    "3": {
      "context_2": 1
    },
    "50": {
      "context_2": 1
    },
    "1": {
      "context_2": 2,
      "context_0": 1,
      "context_1": 1
    },
    "126": {
      "context_2": 1,
      "context_1": 1
    },
    "29": {
      "context_2": 1,
      "context_0": 1,
      "context_1": 1
    },
    "17": {
      "context_1": 1
    },
    "42": {
      "context_1": 1
    },
    "12": {
      "context_1": 1
    },
    "85": {
      "context_0": 5,
      "context_1": 1
    },
    "67": {
      "context_0": 2
    },
    "101": {
      "context_0": 2
    },
    "109": {
      "context_2": 2
    },
    "53": {
      "context_2": 2
    },
    "100": {
      "context_2": 2
    },
    "99": {
      "context_0": 1
    },
    "72": {
      "context_0": 1
    },
    "47": {
      "context_0": 1
    },
    "20": {
      "context_0": 2
    },
    "86": {
      "context_0": 2
    },
    "80": {
      "context_0": 2
    },
    "26": {
      "context_1": 1
    },
    "94": {
      "context_1": 1
    },
    "103": {
      "context_1": 1
    },
    "59": {
      "context_1": 1
    },
    "63": {
      "context_1": 1
    },
    "121": {
      "context_1": 1,
      "context_2": 1
    },
    "96": {
      "context_1": 1
    },
    "9": {
      "context_2": 1
    },
    "55": {
      "context_2": 1,
      "context_1": 1
    },
    "73": {
      "context_0": 1
    },
    "122": {
      "context_0": 1
    },
    "34": {
      "context_0": 1,
      "context_2": 3
    },
    "36": {
      "context_2": 3
    },
    "56": {
      "context_2": 3
    },
    "118": {
      "context_2": 3
    },
    "35": {
      "context_1": 1
    },
    "49": {
      "context_1": 1
    },
    "23": {
      "context_1": 1
    }
  },