{
  "baseline": {
    "qualities": [
      3146332.75,
      7735325.5,
      2320212.5,
      1808702.25,
      2535301.0,
      3588896.0,
      3146332.75,
      7735325.5,
      2320212.5,
      1808702.25,
      2535301.0,
      3588896.0,
      3146332.75,
      7735325.5,
      2320212.5,
      1808702.25,
      2535301.0,
      3588896.0
    ],
    "average": 3522461.6666666665
  },
  "trust_augmented": {
    "qualities": [
      4126986.25,
      45290624.0,
      3112825.0,
      3127154.75,
      3636010.5,
      7963354.0,
      4126986.25,
      45290624.0,
      3112825.0,
      3127154.75,
      3636010.5,
      7963354.0,
      4126986.25,
      45290624.0,
      3112825.0,
      3127154.75,
      3636010.5,
      7963354.0
    ],
    "average": 11209492.416666666,
    "trust_evolution": [
      0.49444550946149474,
      0.4317630180895541,
      0.4760708646044156,
      0.503895772674955,
      0.47058302950453396,
      0.4366640511463006,
      0.49444550946149474,
      0.4317630180895541,
      0.4760708646044156,
      0.503895772674955,
      0.47058302950453396,
      0.4366640511463006,
      0.49444550946149474,
      0.4317630180895541,
      0.4760708646044156,
      0.503895772674955,
      0.47058302950453396,
      0.4366640511463006
    ],
    "discovered_context_trust_evolution": {
      "context_0": [
        0.49444550946149474,
        0.503895772674955,
        0.49444550946149474,
        0.503895772674955,
        0.49444550946149474,
        0.503895772674955
      ],
      "context_1": [
        0.4317630180895541,
        0.4760708646044156,
        0.47058302950453396,
        0.4317630180895541,
        0.4760708646044156,
        0.47058302950453396,
        0.4317630180895541,
        0.4760708646044156,
        0.47058302950453396
      ],
      "context_2": [
        0.4366640511463006,
        0.4366640511463006,
        0.4366640511463006
      ]
    }
  },
  "context_discovery": {
    "context_mapping": {
      "context_0": [
        "code",
        "reasoning",
        "code",
        "reasoning",
        "code",
        "reasoning"
      ],
      "context_1": [
        "code",
        "reasoning",
        "text",
        "code",
        "reasoning",
        "text",
        "code",
        "reasoning",
        "text"
      ],
      "context_2": [
        "text",
        "text",
        "text"
      ]
    },
    "num_discovered_contexts": 3,
    "expected_contexts": 3
  },
  "num_sequences": 6,
  "num_epochs": 3
}