{
  "baseline": {
    "qualities": [
      3146332.75,
      7735325.5,
      2320212.5,
      1808702.25,
      2535301.0,
      3588896.0,
      3146332.75,
      7735325.5,
      2320212.5,
      1808702.25,
      2535301.0,
      3588896.0,
      3146332.75,
      7735325.5,
      2320212.5,
      1808702.25,
      2535301.0,
      3588896.0
    ],
    "average": 3522461.6666666665
  },
  "trust_augmented": {
    "qualities": [
      4126986.25,
      45290624.0,
      3112825.0,
      3127154.75,
      3636010.5,
      7963354.0,
      4126986.25,
      45290624.0,
      3112825.0,
      3127154.75,
      3636010.5,
      7963354.0,
      4126986.25,
      45290624.0,
      3112825.0,
      3127154.75,
      3636010.5,
      7963354.0
    ],
    "average": 11209492.416666666,
    "trust_evolution": [
      0.8793171360860323,
      0.8793171360860323,
      0.8793171360860323,
      0.8793171360860323,
      0.8793171360860323,
      0.8793171360860323,
      0.8793171360860323,
      0.8793171360860323,
      0.8793171360860323,
      0.8793171360860323,
      0.8793171360860323,
      0.8793171360860323,
      0.8793171360860323,
      0.8793171360860323,
      0.8793171360860323,
      0.8793171360860323,
      0.8793171360860323,
      0.8793171360860323
    ]
  },
  "num_sequences": 6,
  "num_epochs": 3
}