{
  "baseline": {
    "test_name": "baseline_1000_cycles",
    "total_cycles": 1000,
    "duration_seconds": 0.552560567855835,
    "cycles_per_second": 1809.756356448699,
    "final_emotional_state": {
      "frustration": 0.19999999999999996,
      "engagement": 1.0,
      "curiosity": 0.95,
      "progress": 0.0
    },
    "stable_operation": true,
    "cascade_detected": false,
    "max_frustration": 0.19999999999999998,
    "min_engagement": 0.43999999999999995,
    "total_interventions": 0,
    "interventions_by_type": {
      "frustration_regulated": 0.0,
      "curiosity_boosted": 0.0,
      "engagement_boosted": 0.0,
      "recovery_count": 998
    },
    "analysis": {
      "frustration_mean": 0.1998999999999972,
      "frustration_max": 0.19999999999999998,
      "frustration_min": 0.09999999999999999,
      "frustration_variance": 9.989999999999381e-06,
      "engagement_mean": 0.9913500000000001,
      "engagement_min": 0.43999999999999995,
      "early_intervention_rate": 0.0,
      "late_intervention_rate": 0.0,
      "ep_maturation_score": 0.0,
      "stable_operation": true
    }
  },
  "stress": {
    "test_name": "stress_test_high_failure",
    "total_cycles": 1000,
    "duration_seconds": 0.544630765914917,
    "cycles_per_second": 1836.1063358587814,
    "final_emotional_state": {
      "frustration": 0.19999999999999996,
      "engagement": 1.0,
      "curiosity": 0.95,
      "progress": 0.0
    },
    "stable_operation": true,
    "cascade_detected": false,
    "max_frustration": 0.19999999999999998,
    "min_engagement": 0.43999999999999995,
    "total_interventions": 0,
    "interventions_by_type": {
      "frustration_regulated": 0.0,
      "curiosity_boosted": 0.0,
      "engagement_boosted": 0.0,
      "recovery_count": 998
    },
    "analysis": {
      "frustration_mean": 0.1998999999999972,
      "frustration_max": 0.19999999999999998,
      "frustration_min": 0.09999999999999999,
      "frustration_variance": 9.989999999999381e-06,
      "engagement_mean": 0.9913500000000001,
      "engagement_min": 0.43999999999999995,
      "early_intervention_rate": 0.0,
      "late_intervention_rate": 0.0,
      "ep_maturation_score": 0.0,
      "stable_operation": true
    }
  },
  "recovery": {
    "test_name": "recovery_test",
    "total_cycles": 1000,
    "duration_seconds": 0.5435395240783691,
    "cycles_per_second": 1839.7926106580926,
    "final_emotional_state": {
      "frustration": 0.7999999999999999,
      "engagement": 1.0,
      "curiosity": 0.15,
      "progress": 0.0
    },
    "stable_operation": true,
    "cascade_detected": false,
    "max_frustration": 0.85,
    "min_engagement": 0.23999999999999996,
    "total_interventions": 2,
    "interventions_by_type": {
      "frustration_regulated": 0.3,
      "curiosity_boosted": 0.2,
      "engagement_boosted": 0.0,
      "recovery_count": 998
    },
    "analysis": {
      "frustration_mean": 0.8000499999999887,
      "frustration_max": 0.85,
      "frustration_min": 0.7999999999999999,
      "frustration_variance": 2.4974999999998105e-06,
      "engagement_mean": 0.98445,
      "engagement_min": 0.23999999999999996,
      "early_intervention_rate": 0.6666666666666666,
      "late_intervention_rate": 0.0,
      "ep_maturation_score": 1.0,
      "stable_operation": true
    }
  }
}