{
  "qualities": [
    9731805.0,
    34511656.0,
    3164415.0,
    5149001.0,
    5425297.0,
    4316609.5,
    9841939.0,
    34081360.0,
    3184887.5,
    5190845.5,
    5418735.0,
    4342941.0,
    3660232.0,
    33823232.0,
    3198691.5,
    2873719.0,
    3639778.25,
    4329216.5
  ],
  "average_quality": 9771353.375,
  "expert_trust_evolution": {
    "73": [
      -0.1233231718940243,
      -0.07351879558680756,
      -0.15364780845167067,
      -0.13559667272583423,
      -0.09416478455863253,
      -0.16680720085128892,
      -0.12961721361031087,
      -0.08207220123878764,
      -0.18792463994423483,
      -0.14052040157101897,
      -0.10117690624980624,
      -0.19410452022622732,
      -0.16174829716676753,
      -0.0878102498312736,
      -0.20972004782567738,
      -0.1884018289398268,
      -0.11950955903383564,
      -0.21255202902607073
    ],
    "114": [
      -0.24611346617383734,
      -0.1418333060027779,
      -0.2646967285091587,
      -0.24410313813562282,
      -0.15864881782954998,
      -0.2682851134218076,
      -0.22221407904089036,
      -0.13555480994354477,
      -0.28384883545752837,
      -0.22456309955293113,
      -0.1535743961578327,
      -0.2829624970712332,
      -0.24219736506363143,
      -0.13160143399862317,
      -0.29526900670108924,
      -0.26843694947140906,
      -0.16763017942514707,
      -0.29306582142090065
    ],
    "95": [
      -0.24256406604542016,
      -0.12795734938251874,
      -0.2436660483979347,
      -0.24579479942056037,
      -0.15188438731817394,
      -0.2569939817446702,
      -0.22620285859311623,
      -0.13094485168467968,
      -0.2816951661406321,
      -0.23240434889486739,
      -0.15437155455586898,
      -0.2868608001897484,
      -0.2547639435575676,
      -0.13309030656678766,
      -0.3053895276184986,
      -0.28607948950039763,
      -0.17515751292735166,
      -0.30698187126899773
    ],
    "72": [
      0.013322296857897754,
      -0.036075177602249826,
      -0.043228672633412124,
      0.03735134650269491,
      -0.0658253331971898,
      -0.10980094199211238,
      -0.1073746253290486,
      -0.022890713779192894
    ],
    "106": [
      -0.07123000670904747,
      -0.06604772347586046,
      -0.15527346525714042,
      -0.06196908190613935,
      0.06111205828019477,
      -0.212502085693431,
      -0.12328239772251857
    ],
    "5": [
      0.14291025068837465,
      0.049876838081672634,
      -0.024715875638282564
    ]
  },
  "expert_usage_counts": {
    "73": 18,
    "114": 18,
    "95": 18,
    "72": 8,
    "106": 7,
    "5": 3
  },
  "num_sequences": 6,
  "num_epochs": 3,
  "experts_per_generation": 4
}