{
  "session": 94,
  "timestamp": "2025-12-22 19:51:54",
  "hardware": "Jetson AGX Thor",
  "model": "Qwen3-Omni-30B-A3B (theoretical)",
  "architecture": {
    "num_experts": 128,
    "num_active": 8,
    "num_layers": 48,
    "num_families": 16
  },
  "statistics": {
    "total_selections": 100,
    "regret_instances": 0,
    "memory_constraints": 0,
    "thermal_constraints": 0,
    "swap_constraints": 0,
    "cache_misses": 0,
    "memory_satisfied_pct": 1.0,
    "thermal_satisfied_pct": 1.0,
    "swap_satisfied_pct": 1.0,
    "families_per_layer": {
      "0": 9,
      "12": 9,
      "24": 9,
      "36": 9
    }
  },
  "regret_records": [],
  "constraint_history": {
    "memory": [
      [
        1766461914.1858435,
        true
      ],
      [
        1766461914.185846,
        true
      ],
      [
        1766461914.1858473,
        true
      ],
      [
        1766461914.1858482,
        true
      ],
      [
        1766461914.1858587,
        true
      ],
      [
        1766461914.1858602,
        true
      ],
      [
        1766461914.1858613,
        true
      ],
      [
        1766461914.1858637,
        true
      ],
      [
        1766461914.185865,
        true
      ],
      [
        1766461914.1858664,
        true
      ],
      [
        1766461914.1858673,
        true
      ],
      [
        1766461914.1858685,
        true
      ],
      [
        1766461914.185881,
        true
      ],
      [
        1766461914.185882,
        true
      ],
      [
        1766461914.1858845,
        true
      ],
      [
        1766461914.1858857,
        true
      ],
      [
        1766461914.1858869,
        true
      ],
      [
        1766461914.1858883,
        true
      ],
      [
        1766461914.1858895,
        true
      ],
      [
        1766461914.185891,
        true
      ],
      [
        1766461914.185935,
        true
      ],
      [
        1766461914.1859365,
        true
      ],
      [
        1766461914.1859376,
        true
      ],
      [
        1766461914.1859386,
        true
      ],
      [
        1766461914.18594,
        true
      ],
      [
        1766461914.1859412,
        true
      ],
      [
        1766461914.1859422,
        true
      ],
      [
        1766461914.1859436,
        true
      ],
      [
        1766461914.185962,
        true
      ],
      [
        1766461914.1859632,
        true
      ],
      [
        1766461914.1859646,
        true
      ],
      [
        1766461914.1859658,
        true
      ],
      [
        1766461914.1859667,
        true
      ],
      [
        1766461914.1859682,
        true
      ],
      [
        1766461914.1859694,
        true
      ],
      [
        1766461914.1859705,
        true
      ],
      [
        1766461914.1859837,
        true
      ],
      [
        1766461914.185985,
        true
      ],
      [
        1766461914.185986,
        true
      ],
      [
        1766461914.1859872,
        true
      ],
      [
        1766461914.1859887,
        true
      ],
      [
        1766461914.1859899,
        true
      ],
      [
        1766461914.1859908,
        true
      ],
      [
        1766461914.1859922,
        true
      ],
      [
        1766461914.186003,
        true
      ],
      [
        1766461914.1860044,
        true
      ],
      [
        1766461914.1860056,
        true
      ],
      [
        1766461914.1860068,
        true
      ],
      [
        1766461914.186008,
        true
      ],
      [
        1766461914.1860094,
        true
      ],
      [
        1766461914.1860116,
        true
      ],
      [
        1766461914.186013,
        true
      ],
      [
        1766461914.1860232,
        true
      ],
      [
        1766461914.1860254,
        true
      ],
      [
        1766461914.1860268,
        true
      ],
      [
        1766461914.186028,
        true
      ],
      [
        1766461914.186029,
        true
      ],
      [
        1766461914.1860304,
        true
      ],
      [
        1766461914.1860316,
        true
      ],
      [
        1766461914.186033,
        true
      ],
      [
        1766461914.1860445,
        true
      ],
      [
        1766461914.1860557,
        true
      ],
      [
        1766461914.1860569,
        true
      ],
      [
        1766461914.1860583,
        true
      ],
      [
        1766461914.1860592,
        true
      ],
      [
        1766461914.1860604,
        true
      ],
      [
        1766461914.1860619,
        true
      ],
      [
        1766461914.186063,
        true
      ],
      [
        1766461914.1860726,
        true
      ],
      [
        1766461914.1860752,
        true
      ],
      [
        1766461914.1860764,
        true
      ],
      [
        1766461914.1860774,
        true
      ],
      [
        1766461914.1860788,
        true
      ],
      [
        1766461914.18608,
        true
      ],
      [
        1766461914.1860812,
        true
      ],
      [
        1766461914.1860824,
        true
      ],
      [
        1766461914.1860917,
        true
      ],
      [
        1766461914.186093,
        true
      ],
      [
        1766461914.1860955,
        true
      ],
      [
        1766461914.1860967,
        true
      ],
      [
        1766461914.1860979,
        true
      ],
      [
        1766461914.1860993,
        true
      ],
      [
        1766461914.1861005,
        true
      ],
      [
        1766461914.1861014,
        true
      ],
      [
        1766461914.186112,
        true
      ],
      [
        1766461914.1861134,
        true
      ],
      [
        1766461914.1861155,
        true
      ],
      [
        1766461914.186117,
        true
      ],
      [
        1766461914.1861181,
        true
      ],
      [
        1766461914.1861205,
        true
      ],
      [
        1766461914.1861215,
        true
      ],
      [
        1766461914.1861227,
        true
      ],
      [
        1766461914.186133,
        true
      ],
      [
        1766461914.1861343,
        true
      ],
      [
        1766461914.1861355,
        true
      ],
      [
        1766461914.1861365,
        true
      ],
      [
        1766461914.186138,
        true
      ],
      [
        1766461914.186139,
        true
      ],
      [
        1766461914.18614,
        true
      ],
      [
        1766461914.1861415,
        true
      ]
    ],