{
  "timestamp": "2025-12-31T12:04:48.802484",
  "hardware": "Thor (Jetson AGX Thor Developer Kit)",
  "component": "SAGE Multi-EP Coordinator (5 domains)",
  "domains": [
    "emotional",
    "quality",
    "attention",
    "grounding",
    "authorization"
  ],
  "results": [
    {
      "test_name": "Consensus (all proceed)",
      "iterations": 100000,
      "total_time_seconds": 0.33076977729797363,
      "throughput_per_second": 302325.0818647651,
      "avg_latency_ms": 0.003134188652038574,
      "avg_latency_us": 3.134188652038574,
      "min_latency_ms": 0.0026226043701171875,
      "max_latency_ms": 0.10204315185546875,
      "notes": "All 5 EPs agree to proceed - happy path"
    },
    {
      "test_name": "Conflict Resolution",
      "iterations": 100000,
      "total_time_seconds": 0.2809159755706787,
      "throughput_per_second": 355978.33051983156,
      "avg_latency_ms": 0.0026339054107666015,
      "avg_latency_us": 2.6339054107666016,
      "min_latency_ms": 0.0021457672119140625,
      "max_latency_ms": 0.026226043701171875,
      "notes": "Emotional defers, others proceed - priority resolution"
    },
    {
      "test_name": "Cascade Detection",
      "iterations": 100000,
      "total_time_seconds": 0.20658302307128906,
      "throughput_per_second": 484066.8827151945,
      "avg_latency_ms": 0.001896505355834961,
      "avg_latency_us": 1.896505355834961,
      "min_latency_ms": 0.001430511474609375,
      "max_latency_ms": 0.03719329833984375,
      "notes": "2 severe predictions (Emotional + Grounding) trigger cascade"
    },
    {
      "test_name": "Mixed Scenarios",
      "iterations": 50000,
      "total_time_seconds": 0.14279699325561523,
      "throughput_per_second": 350147.4285981427,
      "avg_latency_ms": 0.0026714229583740235,
      "avg_latency_us": 2.6714229583740234,
      "min_latency_ms": 0.0016689300537109375,
      "max_latency_ms": 0.025272369384765625,
      "notes": "4 scenario types rotated (consensus, conflict, cascade, security reject)"
    }
  ],
  "summary": {
    "avg_throughput": 373129.43092448346,
    "avg_latency_us": 2.58400559425354
  },
  "comparison": {
    "web4_legion_rtx4090": {
      "throughput": 280944,
      "latency_us": 3.46
    },
    "web4_sprout_orin_nano": {
      "throughput": 97204,
      "latency_us": 10.29
    }
  }
}