{
  "baseline": {
    "qualities": [
      3146332.75,
      7735325.5,
      2320212.5,
      1808702.25,
      2535301.0,
      3588896.0,
      3146332.75,
      7735325.5,
      2320212.5,
      1808702.25,
      2535301.0,
      3588896.0,
      3146332.75,
      7735325.5,
      2320212.5,
      1808702.25,
      2535301.0,
      3588896.0
    ],
    "average": 3522461.6666666665
  },
  "trust_augmented": {
    "qualities": [
      4126986.25,
      45290624.0,
      3112825.0,
      3127154.75,
      3636010.5,
      7963354.0,
      4126986.25,
      45290624.0,
      3112825.0,
      3127154.75,
      3636010.5,
      7963354.0,
      4126986.25,
      45290624.0,
      3112825.0,
      3127154.75,
      3636010.5,
      7963354.0
    ],
    "average": 11209492.416666666,
    "trust_evolution": [
      0.672306275781487,
      0.6376175333671804,
      0.5397536222730313,
      0.5395847813859367,
      0.4484281933215357,
      0.42760072865806553,
      0.672306275781487,
      0.6376175333671804,
      0.5397536222730313,
      0.5395847813859367,
      0.4484281933215357,
      0.42760072865806553,
      0.672306275781487,
      0.6376175333671804,
      0.5397536222730313,
      0.5395847813859367,
      0.4484281933215357,
      0.42760072865806553
    ],
    "context_trust_evolution": {
      "code": [
        0.672306275781487,
        0.6376175333671804,
        0.672306275781487,
        0.6376175333671804,
        0.672306275781487,
        0.6376175333671804
      ],
      "reasoning": [
        0.5397536222730313,
        0.5395847813859367,
        0.5397536222730313,
        0.5395847813859367,
        0.5397536222730313,
        0.5395847813859367
      ],
      "text": [
        0.4484281933215357,
        0.42760072865806553,
        0.4484281933215357,
        0.42760072865806553,
        0.4484281933215357,
        0.42760072865806553
      ]
    }
  },
  "num_sequences": 6,
  "num_epochs": 3,
  "contexts": [
    "code",
    "reasoning",
    "text"
  ]
}