{
  "session": 77,
  "epsilon": 0.2,
  "architecture": "trust-first + epsilon-greedy (Session 77)",
  "model": "Q3-Omni 30B",
  "epochs": 10,
  "sequences": 9,
  "generations": 90,
  "unique_experts": 45,
  "utilization": 0.3515625,
  "qualities": [
    0.7009236054762977,
    0.8514443432901893,
    0.7485856390380736,
    0.6885236322515855,
    0.737400367635757,
    0.7173782287678915,
    0.48979240904025995,
    0.7742414746349757,
    0.7020153725872839,
    0.6243978696013659,
    0.8054571537236779,
    0.7706136506750842,
    0.7034834978138509,
    0.9045930187694282,
    0.8179939134735854,
    0.8765197369907234,
    0.6537959064827897,
    0.8230370891573034,
    0.9437975834473322,
    0.828354664376383,
    0.8452957238137037,
    0.7012806100521842,
    0.7050883189446064,
    0.7049102624729646,
    0.6401911453187201,
    0.7039968473363983,
    0.7403348700347162,
    0.7881664985360253,
    0.7967683181067395,
    0.7270357751435882,
    0.7739625610737096,
    0.7750948835844285,
    0.6733820461282647,
    0.9183956265762612,
    0.6976250898851953,
    0.8108392076153166,
    0.8211693957785274,
    0.6621654726850202,
    0.5886998812748436,
    0.8375424741168424,
    0.835096324315791,
    0.6651474703047986,
    0.8125573531517687,
    0.8281615184681576,
    0.6713388741383544,
    0.8125009647511737,
    0.7346282663030927,
    0.6750417907434211,
    0.820729154418586,
    0.8788670139254887,
    0.72429137694477,
    0.6094221419888972,
    0.7173401063404966,
    0.7558171340520315,
    0.8078857223218562,
    0.7187131557651062,
    0.7130783739520499,
    0.8237978093080471,
    0.677934635218211,
    0.847927383573974,
    0.8316451919553665,
    0.641268491268635,
    0.6339490386733775,
    0.7430516101778191,
    0.7150746013207785,
    0.717446267452446,
    0.7803833967708554,
    0.6706846336588311,
    0.8334026573342193,
    0.8540050622778534,
    0.7629266691085385,
    0.6793918097671869,
    0.8366072178761669,
    0.9832187825404388,
    0.7217811561307339,
    0.7709509424275455,
    0.7404962420548615,
    0.7767964747332108,
    0.7893589443886159,
    0.8606495555388399,
    0.6881641926457354,
    0.7119845397930745,
    0.682069902165536,
    0.7364128823323661,
    0.6867589959744208,
    0.5046296242744603,
    0.7794286061562794,
    0.8728739045762632,
    0.8377706276054242,
    0.7613549579122754
  ],
  "expert_usage": {
    "106": 79,
    "110": 79,
    "48": 79,
    "5": 79,
    "18": 1,
    "117": 1,
    "87": 1,
    "125": 1,
    "126": 1,
    "108": 1,
    "36": 1,
    "68": 1,
    "91": 1,
    "39": 1,
    "103": 1,
    "4": 1,
    "85": 1,
    "67": 1,
    "19": 1,
    "75": 1,
    "99": 2,
    "79": 1,
    "44": 1,
    "1": 1,
    "102": 1,
    "45": 2,
    "38": 1,
    "13": 1,
    "12": 1,
    "7": 1,
    "105": 1,
    "82": 1,
    "113": 1,
    "59": 1,
    "15": 1,
    "30": 1,
    "124": 2,
    "114": 1,
    "34": 1,
    "127": 1,
    "81": 1,
    "84": 1,
    "118": 1,
    "89": 1,
    "111": 1
  },
  "context_map": {
    "106": {
      "context_1": 28,
      "context_0": 26,
      "context_2": 25
    },
    "110": {
      "context_1": 28,
      "context_0": 26,
      "context_2": 25
    },
    "48": {
      "context_1": 28,
      "context_0": 26,
      "context_2": 25
    },
    "5": {
      "context_1": 28,
      "context_0": 26,
      "context_2": 25
    },
    "18": {
      "context_0": 1
    },
    "117": {
      "context_0": 1
    },
    "87": {
      "context_0": 1
    },
    "125": {
      "context_0": 1
    },
    "126": {
      "context_2": 1
    },
    "108": {
      "context_2": 1
    },
    "36": {
      "context_2": 1
    },
    "68": {
      "context_2": 1
    },
    "91": {
      "context_1": 1
    },
    "39": {
      "context_1": 1
    },
    "103": {
      "context_1": 1
    },
    "4": {
      "context_1": 1
    },
    "85": {
      "context_1": 1
    },
    "67": {
      "context_1": 1
    },
    "19": {
      "context_1": 1
    },
    "75": {
      "context_1": 1
    },
    "99": {
      "context_2": 1,
      "context_0": 1
    },
    "79": {
      "context_2": 1
    },
    "44": {
      "context_2": 1
    },
    "1": {
      "context_2": 1
    },
    "102": {
      "context_0": 1
    },
    "45": {
      "context_0": 1,
      "context_2": 1
    },
    "38": {
      "context_0": 1
    },
    "13": {
      "context_2": 1
    },
    "12": {
      "context_2": 1
    },
    "7": {
      "context_2": 1
    },
    "105": {
      "context_2": 1
    },
    "82": {
      "context_2": 1
    },
    "113": {
      "context_2": 1
    },
    "59": {
      "context_2": 1
    },
    "15": {
      "context_2": 1
    },
    "30": {
      "context_0": 1
    },
    "124": {
      "context_0": 2
    },
    "114": {
      "context_0": 1
    },
    "34": {
      "context_0": 1
    },
    "127": {
      "context_0": 1
    },
    "81": {
      "context_0": 1
    },
    "84": {
      "context_0": 1
    },
    "118": {
      "context_2": 1
    },
    "89": {
      "context_2": 1
    },
    "111": {
      "context_2": 1
    }
  },
  "mode_history": [
    "router_explore",
    "router_explore",
    "router_explore",
    "router_explore",
    "router_explore",
    "router_explore",
    "router_explore",
    "router_explore",
    "router_explore",
    "router_explore",
    "router_explore",
    "router_explore",
    "router_explore",
    "router_explore",
    "forced_exploration",
    "router_explore",
    "router_explore",
    "router_explore",
    "router_explore",
    "router_explore",
    "router_explore",
    "router_explore",
    "router_explore",
    "forced_exploration",
    "router_explore",
    "forced_exploration",
    "router_explore",
    "router_explore",
    "router_explore",
    "router_explore",
    "router_explore",
    "router_explore",
    "router_explore",
    "router_explore",
    "router_explore",
    "router_explore",
    "router_explore",
    "router_explore",
    "router_explore",
    "router_explore",
    "router_explore",
    "router_explore",
    "router_explore",
    "forced_exploration",
    "router_explore",
    "forced_exploration",
    "router_explore",
    "router_explore",
    "forced_exploration",
    "forced_exploration",
    "router_explore",
    "forced_exploration",
    "router_explore",
    "forced_exploration",
    "forced_exploration",
    "router_explore",
    "router_explore",
    "router_explore",
    "forced_exploration",
    "router_explore",
    "forced_exploration",
    "router_explore",
    "router_explore",
    "router_explore",
    "router_explore",
    "router_explore",
    "router_explore",
    "router_explore",
    "router_explore",
    "router_explore",
    "forced_exploration",
    "router_explore",
    "router_explore",
    "router_explore",
    "router_explore",
    "router_explore",
    "router_explore",
    "router_explore",
    "router_explore",
    "router_explore",
    "forced_exploration",
    "router_explore",
    "router_explore",
    "router_explore",
    "forced_exploration",
    "router_explore",
    "router_explore",
    "router_explore",
    "router_explore",
    "router_explore"
  ],
  "transition_generation": null,
  "selector_stats": {
    "total_selections": 90,
    "trust_driven": 0,
    "router_explore": 79,
    "forced_exploration": 11,
    "trust_driven_rate": 0.0,
    "forced_exploration_rate": 0.12222222222222222,
    "total_mrh_substitutions": 0,
    "generation": 90
  },
  "final_stats": {
    "specialists": 39,
    "generalists": 6,
    "mode_transitions": {
      "router_explore": 75,
      "forced_exploration": 15
    }
  }
}