{
  "epoch": 40,
  "loss": 0.05527130387723446,
  "timestamp": "2025-10-26T21:28:56.012966"
}