model,alpha,alpha_weighted,log_norm,spectral_norm,mp_softrank
Original (7K steps),3.298597386564651,4.141801523773812,2.261421372689649,0,0
Broken Fine-tune (3K),3.27806196786917,4.124436514974005,2.2630389615185202,0,0
Fixed Fine-tune (10K),3.1928158107107714,4.029430530305681,2.2675262493485295,0,0
