{
  "epoch": 130,
  "loss": 0.0509793908894062,
  "timestamp": "2025-10-26T21:56:53.315652"
}