{
  "trained": {
    "loss": 3.7907063961029053,
    "recon_loss": 2.2587395906448364,
    "vq_loss": 1.5319668650627136,
    "accuracy": 0.29124920070171356,
    "perplexity": 9.770088195800781,
    "codes_used": 10,
    "code_usage_percent": [
      7.699999809265137,
      9.266666412353516,
      7.500000476837158,
      8.466667175292969,
      9.600000381469727,
      13.566666603088379,
      13.233333587646484,
      12.833333015441895,
      8.833333015441895,
      9.0
    ]
  },
  "untrained": {
    "loss": 4.906534433364868,
    "recon_loss": 4.8918845653533936,
    "vq_loss": 0.014649896882474422,
    "accuracy": 7.576905773021281e-05,
    "perplexity": 4.146172523498535,
    "codes_used": 9,
    "code_usage_percent": [
      1.966666579246521,
      0.03333333134651184,
      0.1666666716337204,
      3.9000000953674316,
      50.0,
      0.0,
      9.633333206176758,
      21.166667938232422,
      1.100000023841858,
      12.033333778381348
    ]
  },
  "improvement": {
    "recon_loss_reduction_percent": 53.82680109333972,
    "accuracy_improvement": 0.29117343164398335,
    "perplexity_change": 5.623915672302246,
    "additional_codes": 1
  }
}