{
  "session_id": "session_1761844739",
  "start_time": 1761844739.3446658,
  "end_time": 1761844773.2776022,
  "model_path": "../threshold_models/60examples_model/final_model",
  "total_exchanges": 3,
  "salient_exchanges": 3,
  "avg_salience": 0.2503666666666667
}