{
  "session_id": "session_1761846464",
  "start_time": 1761846464.8705826,
  "end_time": 1761846486.6584532,
  "model_path": "conversation_sessions/session_1761844739/trained_model/final_model",
  "total_exchanges": 3,
  "salient_exchanges": 1,
  "avg_salience": 0.1554
}