{
  "epoch": 80,
  "loss": 0.05300820842385292,
  "timestamp": "2025-10-26T21:41:28.401211"
}