{
  "epoch": 50,
  "loss": 0.05407215416431427,
  "timestamp": "2025-10-26T21:31:35.886022"
}