{
  "session_id": "session_1761844013",
  "start_time": 1761844013.6872914,
  "end_time": 1761844044.458568,
  "model_path": "../threshold_models/60examples_model/final_model",
  "total_exchanges": 3,
  "salient_exchanges": 2,
  "avg_salience": 0.24855000000000005
}