{
  "epoch": 160,
  "loss": 0.04989068135619164,
  "timestamp": "2025-10-26T22:10:32.775335"
}