{
  "epoch": 180,
  "loss": 0.04953129760921002,
  "timestamp": "2025-10-26T22:22:40.394273"
}