{
  "epoch": 10,
  "loss": 0.08378017239272595,
  "timestamp": "2025-10-26T21:12:10.131953"
}