{
  "epoch": 100,
  "loss": 0.05203253462910652,
  "timestamp": "2025-10-26T21:48:22.507567"
}