{
  "epoch": 30,
  "loss": 0.05474351942539215,
  "timestamp": "2025-10-26T21:26:01.454621"
}