{
  "last_shutdown": 1772334356.5249996,
  "machine": "cbp",
  "uptime_seconds": 67659.10754823685,
  "cycles_completed": 685699,
  "metabolic_state": "wake",
  "atp_level": 45.476717787974174,
  "message_stats": {
    "messages_submitted": 2,
    "messages_resolved": 2,
    "messages_timed_out": 0,
    "pending": 0,
    "waiting": 0
  },
  "trust_weights": {
    "vision": 0.8500000000000014,
    "language": 0.8499999999999994,
    "control": 1.0,
    "memory": 1.0
  }
}