{
  "last_shutdown": 1772346190.6110275,
  "machine": "nomad",
  "uptime_seconds": 52994.38381886482,
  "cycles_completed": 464306,
  "metabolic_state": "rest",
  "atp_level": 29.22210608662088,
  "message_stats": {
    "messages_submitted": 23,
    "messages_resolved": 19,
    "messages_timed_out": 0,
    "pending": 0,
    "waiting": 4
  },
  "trust_weights": {
    "vision": 0.8500000000000014,
    "language": 0.8499999999999994,
    "control": 1.0,
    "memory": 1.0
  }
}