{
  "last_shutdown": 1772341247.7304718,
  "machine": "sprout",
  "uptime_seconds": 1037.7872054576874,
  "cycles_completed": 9189,
  "metabolic_state": "rest",
  "atp_level": 31.591136597912662,
  "message_stats": {
    "messages_submitted": 3,
    "messages_resolved": 3,
    "messages_timed_out": 0,
    "pending": 0,
    "waiting": 0
  },
  "trust_weights": {
    "vision": 0.8500000000000014,
    "language": 0.8499999999999994,
    "control": 1.0,
    "memory": 1.0,
    "tts": 1.0
  }
}