{
  "last_shutdown": 1772345744.6125555,
  "machine": "legion",
  "uptime_seconds": 7936.661066532135,
  "cycles_completed": 78823,
  "metabolic_state": "rest",
  "atp_level": 54.72102895360845,
  "message_stats": {
    "messages_submitted": 0,
    "messages_resolved": 0,
    "messages_timed_out": 0,
    "pending": 0,
    "waiting": 0
  },
  "trust_weights": {
    "vision": 0.8500000000000014,
    "language": 0.8500000000000014,
    "control": 1.0,
    "memory": 1.0,
    "tts": 1.0
  }
}